{
  "model_type": "tabular_kan",
  "labels": [
    "TUP",
    "TLF",
    "TLB",
    "TLR",
    "TLL"
  ],
  "feature_cols": [
    "neck_angle",
    "head_depth_delta",
    "depth_delta",
    "torso_tilt",
    "shoulder_diff",
    "shoulder_width",
    "signed_tilt"
  ],
  "scaler_mean": [
    20.05436780599099,
    -0.2727525942885209,
    -0.0670772741846722,
    9.292712907592977,
    28.960300928002663,
    0.33046038802911737,
    0.02132177432300414
  ],
  "scaler_scale": [
    19.183952817172155,
    0.03082886496204187,
    0.13285818416430234,
    13.21345376413108,
    16.227083644940908,
    0.02048543477244953,
    0.1034709782679715
  ],
  "kan": {
    "grid": [
      -3.0,
      -2.4000000953674316,
      -1.7999999523162842,
      -1.1999999284744263,
      -0.5999999046325684,
      0.0,
      0.5999999046325684,
      1.1999999284744263,
      1.7999999523162842,
      2.4000000953674316,
      3.0
    ],
    "spline_coef": [
      [
        [
          0.0006980350008234382,
          0.006420122925192118,
          0.03146231546998024,
          -0.016904020681977272,
          0.026237918063998222
        ],
        [
          0.013738833367824554,
          -0.021776726469397545,
          -0.007103553041815758,
          -0.02835248038172722,
          0.017920037731528282
        ],
        [
          0.0009978050366044044,
          0.045319829136133194,
          0.02357175387442112,
          -0.008686424233019352,
          -0.027718592435121536
        ],
        [
          -0.44744113087654114,
          0.40337952971458435,
          -0.02711222507059574,
          -0.15253303945064545,
          0.476258784532547
        ],
        [
          0.3716074228286743,
          0.059837229549884796,
          0.03952082246541977,
          -0.3935183584690094,
          0.003433548379689455
        ],
        [
          0.3756033480167389,
          0.0041802809573709965,
          0.06599517911672592,
          0.0006773053901270032,
          -0.2793950140476227
        ],
        [
          -0.005086744204163551,
          -0.16156786680221558,
          -0.11207818984985352,
          0.07032816112041473,
          0.13157996535301208
        ],
        [
          -0.2012997567653656,
          -0.017353883013129234,
          0.29596003890037537,
          0.16479778289794922,
          -0.1537947654724121
        ],
        [
          -0.10376927256584167,
          0.13083651661872864,
          -0.2238430678844452,
          0.3923054039478302,
          -0.5015782713890076
        ],
        [
          -0.43718406558036804,
          0.03703460469841957,
          -0.5354594588279724,
          0.40589097142219543,
          -0.30391204357147217
        ],
        [
          -0.4608864486217499,
          0.3375740051269531,
          -0.5404196381568909,
          0.2991538941860199,
          -0.25373363494873047
        ]
      ],
      [
        [
          -0.3532777726650238,
          0.33915337920188904,
          -0.23143820464611053,
          -0.3112472891807556,
          -0.37630587816238403
        ],
        [
          0.14100179076194763,
          0.2382252961397171,
          -0.38966020941734314,
          -0.33917635679244995,
          -0.5113537907600403
        ],
        [
          0.5595821738243103,
          -0.3646332621574402,
          -0.394715815782547,
          -0.45384731888771057,
          0.39032506942749023
        ],
        [
          0.0598253570497036,
          -0.13740389049053192,
          -0.00765223940834403,
          -0.5324721932411194,
          0.5681805610656738
        ],
        [
          -0.005994680803269148,
          0.4291512668132782,
          -0.15568792819976807,
          -0.4548931121826172,
          0.6422008872032166
        ],
        [
          0.27327272295951843,
          0.04791334271430969,
          -0.25091198086738586,
          -0.03698418289422989,
          -0.13623571395874023
        ],
        [
          0.3322446346282959,
          -0.1415151208639145,
          -0.17954321205615997,
          0.25818032026290894,
          -0.4147942066192627
        ],
        [
          -0.23497571051120758,
          -0.5865612030029297,
          0.03708508238196373,
          0.3352631628513336,
          -0.24994821846485138
        ],
        [
          -0.3426463007926941,
          -0.3010338842868805,
          0.320643812417984,
          0.046356238424777985,
          -0.0655992329120636
        ],
        [
          -0.2418862134218216,
          -0.1265055239200592,
          0.11535509675741196,
          0.3918388783931732,
          -0.40982598066329956
        ],
        [
          -0.5210705399513245,
          0.731055736541748,
          0.059595879167318344,
          0.3329269289970398,
          -0.5106942057609558
        ]
      ],
      [
        [
          -0.6957507133483887,
          1.0539737939834595,
          -0.39924344420433044,
          -1.0659829378128052,
          -1.0517284870147705
        ],
        [
          -0.827993631362915,
          1.0414352416992188,
          -0.505779504776001,
          -0.9098390340805054,
          -1.1712255477905273
        ],
        [
          -1.0531648397445679,
          0.6631982326507568,
          -0.4657612442970276,
          -0.48524487018585205,
          -0.5748386383056641
        ],
        [
          -0.993619978427887,
          0.41323530673980713,
          -0.6931052803993225,
          -0.10760270059108734,
          0.6801129579544067
        ],
        [
          -1.6878583431243896,
          1.5925884246826172,
          -0.9456638693809509,
          0.3250809609889984,
          0.6662263870239258
        ],
        [
          1.0092084407806396,
          -0.2670912444591522,
          -1.1741303205490112,
          0.4596426486968994,
          -0.26000043749809265
        ],
        [
          1.6755027770996094,
          -1.7233301401138306,
          -1.820783257484436,
          -0.2678943872451782,
          -0.5238277316093445
        ],
        [
          -1.662038803100586,
          -1.3300646543502808,
          1.2858141660690308,
          -0.4814647138118744,
          -0.46802109479904175
        ],
        [
          -1.3106790781021118,
          -0.961089015007019,
          1.0713465213775635,
          0.3354073762893677,
          -0.3814193308353424
        ],
        [
          -0.7217234373092651,
          -0.47170954942703247,
          0.5301653146743774,
          -0.06279457360506058,
          -0.1485573947429657
        ],
        [
          -0.33015066385269165,
          -0.33865439891815186,
          0.23621070384979248,
          -0.1383707970380783,
          -0.1191810667514801
        ]
      ],
      [
        [
          0.004164737183600664,
          -0.011553329415619373,
          0.006507170386612415,
          0.005233985371887684,
          -0.01519409567117691
        ],
        [
          -0.04091017693281174,
          -0.030579380691051483,
          0.008094962686300278,
          0.012633655220270157,
          0.0062487125396728516
        ],
        [
          -0.0006698185461573303,
          0.02605590410530567,
          0.009754454717040062,
          0.022672584280371666,
          -0.00710903387516737
        ],
        [
          0.5595789551734924,
          -0.5991544127464294,
          0.21023458242416382,
          -0.733568012714386,
          -0.4834356904029846
        ],
        [
          0.6757468581199646,
          0.6035435795783997,
          0.2639344334602356,
          -0.801292359828949,
          -0.5263001918792725
        ],
        [
          0.4270404875278473,
          0.7166003584861755,
          0.5389218330383301,
          -0.7475930452346802,
          -0.7926495671272278
        ],
        [
          -0.9326475262641907,
          -1.3552851676940918,
          -0.7126762270927429,
